id,parent_id,branch_code,branch_name,branch_level,province,city,address,service_phone,branch_status,opened_at,closed_at,created_at,updated_at
0,,ALL,全行汇总,head_office,,,,95588,active,2010-01-01 00:00:00,,2010-01-01 00:00:00,2026-01-01 00:00:00
1,,HO001,中州银行总行,head_office,上海市,上海市,浦东新区金融大道 88 号,95588,active,2010-01-01 00:00:00,,2010-01-01 00:00:00,2026-01-01 00:00:00
2,1,BR001,上海分行,branch,上海市,上海市,上海市上海金融中心 1 号,021-95588001,active,2012-01-01 00:00:00,,2012-01-01 00:00:00,2026-01-01 00:00:00
3,2,SB001,上海中心支行,sub_branch,上海市,上海市,上海市中心路 18 号,021-95589001,active,2015-01-01 00:00:00,,2015-01-01 00:00:00,2026-01-01 00:00:00
4,2,SB002,上海东区支行,sub_branch,上海市,上海市,上海市东区路 36 号,021-95589002,active,2015-01-01 00:00:00,,2015-01-01 00:00:00,2026-01-01 00:00:00
5,2,SB003,上海西区支行,sub_branch,上海市,上海市,上海市西区路 54 号,021-95589003,active,2015-01-01 00:00:00,,2015-01-01 00:00:00,2026-01-01 00:00:00
6,2,SB004,上海北区支行,sub_branch,上海市,上海市,上海市北区路 72 号,021-95589004,active,2015-01-01 00:00:00,,2015-01-01 00:00:00,2026-01-01 00:00:00
7,2,SB005,上海南区支行,sub_branch,上海市,上海市,上海市南区路 90 号,021-95589005,active,2015-01-01 00:00:00,,2015-01-01 00:00:00,2026-01-01 00:00:00
8,1,BR002,北京分行,branch,北京市,北京市,北京市北京金融中心 2 号,010-95588002,active,2013-01-01 00:00:00,,2013-01-01 00:00:00,2026-01-01 00:00:00
9,8,SB006,北京中心支行,sub_branch,北京市,北京市,北京市中心路 108 号,010-95589006,active,2015-01-01 00:00:00,,2015-01-01 00:00:00,2026-01-01 00:00:00
10,8,SB007,北京东区支行,sub_branch,北京市,北京市,北京市东区路 126 号,010-95589007,active,2015-01-01 00:00:00,,2015-01-01 00:00:00,2026-01-01 00:00:00
11,8,SB008,北京西区支行,sub_branch,北京市,北京市,北京市西区路 144 号,010-95589008,active,2015-01-01 00:00:00,,2015-01-01 00:00:00,2026-01-01 00:00:00
12,8,SB009,北京北区支行,sub_branch,北京市,北京市,北京市北区路 162 号,010-95589009,active,2015-01-01 00:00:00,,2015-01-01 00:00:00,2026-01-01 00:00:00
13,8,SB010,北京南区支行,sub_branch,北京市,北京市,北京市南区路 180 号,010-95589010,active,2015-01-01 00:00:00,,2015-01-01 00:00:00,2026-01-01 00:00:00
14,1,BR003,深圳分行,branch,广东省,深圳市,深圳市深圳金融中心 3 号,0755-95588003,active,2014-01-01 00:00:00,,2014-01-01 00:00:00,2026-01-01 00:00:00
15,14,SB011,深圳中心支行,sub_branch,广东省,深圳市,深圳市中心路 198 号,0755-95589011,active,2015-01-01 00:00:00,,2015-01-01 00:00:00,2026-01-01 00:00:00
16,14,SB012,深圳东区支行,sub_branch,广东省,深圳市,深圳市东区路 216 号,0755-95589012,active,2015-01-01 00:00:00,,2015-01-01 00:00:00,2026-01-01 00:00:00
17,14,SB013,深圳西区支行,sub_branch,广东省,深圳市,深圳市西区路 234 号,0755-95589013,active,2015-01-01 00:00:00,,2015-01-01 00:00:00,2026-01-01 00:00:00
18,14,SB014,深圳北区支行,sub_branch,广东省,深圳市,深圳市北区路 252 号,0755-95589014,active,2015-01-01 00:00:00,,2015-01-01 00:00:00,2026-01-01 00:00:00
19,14,SB015,深圳南区支行,sub_branch,广东省,深圳市,深圳市南区路 270 号,0755-95589015,active,2015-01-01 00:00:00,,2015-01-01 00:00:00,2026-01-01 00:00:00
20,1,BR004,广州分行,branch,广东省,广州市,广州市广州金融中心 4 号,020-95588004,active,2015-01-01 00:00:00,,2015-01-01 00:00:00,2026-01-01 00:00:00
21,20,SB016,广州中心支行,sub_branch,广东省,广州市,广州市中心路 288 号,020-95589016,active,2015-01-01 00:00:00,,2015-01-01 00:00:00,2026-01-01 00:00:00
22,20,SB017,广州东区支行,sub_branch,广东省,广州市,广州市东区路 306 号,020-95589017,active,2015-01-01 00:00:00,,2015-01-01 00:00:00,2026-01-01 00:00:00
23,20,SB018,广州西区支行,sub_branch,广东省,广州市,广州市西区路 324 号,020-95589018,active,2015-01-01 00:00:00,,2015-01-01 00:00:00,2026-01-01 00:00:00
24,20,SB019,广州北区支行,sub_branch,广东省,广州市,广州市北区路 342 号,020-95589019,active,2015-01-01 00:00:00,,2015-01-01 00:00:00,2026-01-01 00:00:00
25,20,SB020,广州南区支行,sub_branch,广东省,广州市,广州市南区路 360 号,020-95589020,active,2015-01-01 00:00:00,,2015-01-01 00:00:00,2026-01-01 00:00:00
26,1,BR005,杭州分行,branch,浙江省,杭州市,杭州市杭州金融中心 5 号,0571-95588005,active,2016-01-01 00:00:00,,2016-01-01 00:00:00,2026-01-01 00:00:00
27,26,SB021,杭州中心支行,sub_branch,浙江省,杭州市,杭州市中心路 378 号,0571-95589021,active,2015-01-01 00:00:00,,2015-01-01 00:00:00,2026-01-01 00:00:00
28,26,SB022,杭州东区支行,sub_branch,浙江省,杭州市,杭州市东区路 396 号,0571-95589022,active,2015-01-01 00:00:00,,2015-01-01 00:00:00,2026-01-01 00:00:00
29,26,SB023,杭州西区支行,sub_branch,浙江省,杭州市,杭州市西区路 414 号,0571-95589023,active,2015-01-01 00:00:00,,2015-01-01 00:00:00,2026-01-01 00:00:00
30,26,SB024,杭州北区支行,sub_branch,浙江省,杭州市,杭州市北区路 432 号,0571-95589024,active,2015-01-01 00:00:00,,2015-01-01 00:00:00,2026-01-01 00:00:00
31,26,SB025,杭州南区支行,sub_branch,浙江省,杭州市,杭州市南区路 450 号,0571-95589025,active,2015-01-01 00:00:00,,2015-01-01 00:00:00,2026-01-01 00:00:00
32,1,BR006,南京分行,branch,江苏省,南京市,南京市南京金融中心 6 号,025-95588006,active,2017-01-01 00:00:00,,2017-01-01 00:00:00,2026-01-01 00:00:00
33,32,SB026,南京中心支行,sub_branch,江苏省,南京市,南京市中心路 468 号,025-95589026,active,2015-01-01 00:00:00,,2015-01-01 00:00:00,2026-01-01 00:00:00
34,32,SB027,南京东区支行,sub_branch,江苏省,南京市,南京市东区路 486 号,025-95589027,active,2015-01-01 00:00:00,,2015-01-01 00:00:00,2026-01-01 00:00:00
35,32,SB028,南京西区支行,sub_branch,江苏省,南京市,南京市西区路 504 号,025-95589028,active,2015-01-01 00:00:00,,2015-01-01 00:00:00,2026-01-01 00:00:00
36,32,SB029,南京北区支行,sub_branch,江苏省,南京市,南京市北区路 522 号,025-95589029,active,2015-01-01 00:00:00,,2015-01-01 00:00:00,2026-01-01 00:00:00
37,32,SB030,南京南区支行,sub_branch,江苏省,南京市,南京市南区路 540 号,025-95589030,active,2015-01-01 00:00:00,,2015-01-01 00:00:00,2026-01-01 00:00:00
38,1,BR007,成都分行,branch,四川省,成都市,成都市成都金融中心 7 号,028-95588007,active,2018-01-01 00:00:00,,2018-01-01 00:00:00,2026-01-01 00:00:00
39,38,SB031,成都中心支行,sub_branch,四川省,成都市,成都市中心路 558 号,028-95589031,active,2015-01-01 00:00:00,,2015-01-01 00:00:00,2026-01-01 00:00:00
40,38,SB032,成都东区支行,sub_branch,四川省,成都市,成都市东区路 576 号,028-95589032,active,2015-01-01 00:00:00,,2015-01-01 00:00:00,2026-01-01 00:00:00
41,38,SB033,成都西区支行,sub_branch,四川省,成都市,成都市西区路 594 号,028-95589033,active,2015-01-01 00:00:00,,2015-01-01 00:00:00,2026-01-01 00:00:00
42,38,SB034,成都北区支行,sub_branch,四川省,成都市,成都市北区路 612 号,028-95589034,active,2015-01-01 00:00:00,,2015-01-01 00:00:00,2026-01-01 00:00:00
43,38,SB035,成都南区支行,sub_branch,四川省,成都市,成都市南区路 630 号,028-95589035,active,2015-01-01 00:00:00,,2015-01-01 00:00:00,2026-01-01 00:00:00
44,1,BR008,武汉分行,branch,湖北省,武汉市,武汉市武汉金融中心 8 号,027-95588008,active,2019-01-01 00:00:00,,2019-01-01 00:00:00,2026-01-01 00:00:00
45,44,SB036,武汉中心支行,sub_branch,湖北省,武汉市,武汉市中心路 648 号,027-95589036,active,2015-01-01 00:00:00,,2015-01-01 00:00:00,2026-01-01 00:00:00
46,44,SB037,武汉东区支行,sub_branch,湖北省,武汉市,武汉市东区路 666 号,027-95589037,active,2015-01-01 00:00:00,,2015-01-01 00:00:00,2026-01-01 00:00:00
47,44,SB038,武汉西区支行,sub_branch,湖北省,武汉市,武汉市西区路 684 号,027-95589038,active,2015-01-01 00:00:00,,2015-01-01 00:00:00,2026-01-01 00:00:00
48,44,SB039,武汉北区支行,sub_branch,湖北省,武汉市,武汉市北区路 702 号,027-95589039,active,2015-01-01 00:00:00,,2015-01-01 00:00:00,2026-01-01 00:00:00
49,44,SB040,武汉南区支行,sub_branch,湖北省,武汉市,武汉市南区路 720 号,027-95589040,active,2015-01-01 00:00:00,,2015-01-01 00:00:00,2026-01-01 00:00:00
50,3,OT001,上海中心营业部,outlet,上海市,上海市,上海市中心街 7 号,400-880001,active,2016-01-01 00:00:00,,2016-01-01 00:00:00,2026-01-01 00:00:00
51,3,OT002,上海中心社区网点,outlet,上海市,上海市,上海市中心街 14 号,400-880002,active,2016-01-01 00:00:00,,2016-01-01 00:00:00,2026-01-01 00:00:00
52,3,OT003,上海中心企业服务中心,outlet,上海市,上海市,上海市中心街 21 号,400-880003,active,2016-01-01 00:00:00,,2016-01-01 00:00:00,2026-01-01 00:00:00
53,4,OT004,上海东区营业部,outlet,上海市,上海市,上海市东区街 28 号,400-880004,active,2016-01-01 00:00:00,,2016-01-01 00:00:00,2026-01-01 00:00:00
54,4,OT005,上海东区社区网点,outlet,上海市,上海市,上海市东区街 35 号,400-880005,active,2016-01-01 00:00:00,,2016-01-01 00:00:00,2026-01-01 00:00:00
55,4,OT006,上海东区企业服务中心,outlet,上海市,上海市,上海市东区街 42 号,400-880006,active,2016-01-01 00:00:00,,2016-01-01 00:00:00,2026-01-01 00:00:00
56,5,OT007,上海西区营业部,outlet,上海市,上海市,上海市西区街 49 号,400-880007,active,2016-01-01 00:00:00,,2016-01-01 00:00:00,2026-01-01 00:00:00
57,5,OT008,上海西区社区网点,outlet,上海市,上海市,上海市西区街 56 号,400-880008,active,2016-01-01 00:00:00,,2016-01-01 00:00:00,2026-01-01 00:00:00
58,5,OT009,上海西区企业服务中心,outlet,上海市,上海市,上海市西区街 63 号,400-880009,active,2016-01-01 00:00:00,,2016-01-01 00:00:00,2026-01-01 00:00:00
59,6,OT010,上海北区营业部,outlet,上海市,上海市,上海市北区街 70 号,400-880010,active,2016-01-01 00:00:00,,2016-01-01 00:00:00,2026-01-01 00:00:00
60,6,OT011,上海北区社区网点,outlet,上海市,上海市,上海市北区街 77 号,400-880011,active,2016-01-01 00:00:00,,2016-01-01 00:00:00,2026-01-01 00:00:00
61,6,OT012,上海北区企业服务中心,outlet,上海市,上海市,上海市北区街 84 号,400-880012,active,2016-01-01 00:00:00,,2016-01-01 00:00:00,2026-01-01 00:00:00
62,7,OT013,上海南区营业部,outlet,上海市,上海市,上海市南区街 91 号,400-880013,active,2016-01-01 00:00:00,,2016-01-01 00:00:00,2026-01-01 00:00:00
63,7,OT014,上海南区社区网点,outlet,上海市,上海市,上海市南区街 98 号,400-880014,active,2016-01-01 00:00:00,,2016-01-01 00:00:00,2026-01-01 00:00:00
64,7,OT015,上海南区企业服务中心,outlet,上海市,上海市,上海市南区街 105 号,400-880015,active,2016-01-01 00:00:00,,2016-01-01 00:00:00,2026-01-01 00:00:00
65,9,OT016,北京中心营业部,outlet,北京市,北京市,北京市中心街 112 号,400-880016,active,2016-01-01 00:00:00,,2016-01-01 00:00:00,2026-01-01 00:00:00
66,9,OT017,北京中心社区网点,outlet,北京市,北京市,北京市中心街 119 号,400-880017,active,2016-01-01 00:00:00,,2016-01-01 00:00:00,2026-01-01 00:00:00
67,9,OT018,北京中心企业服务中心,outlet,北京市,北京市,北京市中心街 126 号,400-880018,active,2016-01-01 00:00:00,,2016-01-01 00:00:00,2026-01-01 00:00:00
68,10,OT019,北京东区营业部,outlet,北京市,北京市,北京市东区街 133 号,400-880019,active,2016-01-01 00:00:00,,2016-01-01 00:00:00,2026-01-01 00:00:00
69,10,OT020,北京东区社区网点,outlet,北京市,北京市,北京市东区街 140 号,400-880020,active,2016-01-01 00:00:00,,2016-01-01 00:00:00,2026-01-01 00:00:00
70,10,OT021,北京东区企业服务中心,outlet,北京市,北京市,北京市东区街 147 号,400-880021,active,2016-01-01 00:00:00,,2016-01-01 00:00:00,2026-01-01 00:00:00
71,11,OT022,北京西区营业部,outlet,北京市,北京市,北京市西区街 154 号,400-880022,active,2016-01-01 00:00:00,,2016-01-01 00:00:00,2026-01-01 00:00:00
72,11,OT023,北京西区社区网点,outlet,北京市,北京市,北京市西区街 161 号,400-880023,active,2016-01-01 00:00:00,,2016-01-01 00:00:00,2026-01-01 00:00:00
73,11,OT024,北京西区企业服务中心,outlet,北京市,北京市,北京市西区街 168 号,400-880024,active,2016-01-01 00:00:00,,2016-01-01 00:00:00,2026-01-01 00:00:00
74,12,OT025,北京北区营业部,outlet,北京市,北京市,北京市北区街 175 号,400-880025,active,2016-01-01 00:00:00,,2016-01-01 00:00:00,2026-01-01 00:00:00
75,12,OT026,北京北区社区网点,outlet,北京市,北京市,北京市北区街 182 号,400-880026,active,2016-01-01 00:00:00,,2016-01-01 00:00:00,2026-01-01 00:00:00
76,12,OT027,北京北区企业服务中心,outlet,北京市,北京市,北京市北区街 189 号,400-880027,active,2016-01-01 00:00:00,,2016-01-01 00:00:00,2026-01-01 00:00:00
77,13,OT028,北京南区营业部,outlet,北京市,北京市,北京市南区街 196 号,400-880028,active,2016-01-01 00:00:00,,2016-01-01 00:00:00,2026-01-01 00:00:00
78,13,OT029,北京南区社区网点,outlet,北京市,北京市,北京市南区街 203 号,400-880029,active,2016-01-01 00:00:00,,2016-01-01 00:00:00,2026-01-01 00:00:00
79,13,OT030,北京南区企业服务中心,outlet,北京市,北京市,北京市南区街 210 号,400-880030,active,2016-01-01 00:00:00,,2016-01-01 00:00:00,2026-01-01 00:00:00
80,15,OT031,深圳中心营业部,outlet,广东省,深圳市,深圳市中心街 217 号,400-880031,active,2016-01-01 00:00:00,,2016-01-01 00:00:00,2026-01-01 00:00:00
81,15,OT032,深圳中心社区网点,outlet,广东省,深圳市,深圳市中心街 224 号,400-880032,active,2016-01-01 00:00:00,,2016-01-01 00:00:00,2026-01-01 00:00:00
82,15,OT033,深圳中心企业服务中心,outlet,广东省,深圳市,深圳市中心街 231 号,400-880033,active,2016-01-01 00:00:00,,2016-01-01 00:00:00,2026-01-01 00:00:00
83,16,OT034,深圳东区营业部,outlet,广东省,深圳市,深圳市东区街 238 号,400-880034,active,2016-01-01 00:00:00,,2016-01-01 00:00:00,2026-01-01 00:00:00
84,16,OT035,深圳东区社区网点,outlet,广东省,深圳市,深圳市东区街 245 号,400-880035,active,2016-01-01 00:00:00,,2016-01-01 00:00:00,2026-01-01 00:00:00
85,16,OT036,深圳东区企业服务中心,outlet,广东省,深圳市,深圳市东区街 252 号,400-880036,active,2016-01-01 00:00:00,,2016-01-01 00:00:00,2026-01-01 00:00:00
86,17,OT037,深圳西区营业部,outlet,广东省,深圳市,深圳市西区街 259 号,400-880037,active,2016-01-01 00:00:00,,2016-01-01 00:00:00,2026-01-01 00:00:00
87,17,OT038,深圳西区社区网点,outlet,广东省,深圳市,深圳市西区街 266 号,400-880038,active,2016-01-01 00:00:00,,2016-01-01 00:00:00,2026-01-01 00:00:00
88,17,OT039,深圳西区企业服务中心,outlet,广东省,深圳市,深圳市西区街 273 号,400-880039,active,2016-01-01 00:00:00,,2016-01-01 00:00:00,2026-01-01 00:00:00
89,18,OT040,深圳北区营业部,outlet,广东省,深圳市,深圳市北区街 280 号,400-880040,active,2016-01-01 00:00:00,,2016-01-01 00:00:00,2026-01-01 00:00:00
90,18,OT041,深圳北区社区网点,outlet,广东省,深圳市,深圳市北区街 287 号,400-880041,active,2016-01-01 00:00:00,,2016-01-01 00:00:00,2026-01-01 00:00:00
91,18,OT042,深圳北区企业服务中心,outlet,广东省,深圳市,深圳市北区街 294 号,400-880042,active,2016-01-01 00:00:00,,2016-01-01 00:00:00,2026-01-01 00:00:00
92,19,OT043,深圳南区营业部,outlet,广东省,深圳市,深圳市南区街 301 号,400-880043,active,2016-01-01 00:00:00,,2016-01-01 00:00:00,2026-01-01 00:00:00
93,19,OT044,深圳南区社区网点,outlet,广东省,深圳市,深圳市南区街 308 号,400-880044,active,2016-01-01 00:00:00,,2016-01-01 00:00:00,2026-01-01 00:00:00
94,19,OT045,深圳南区企业服务中心,outlet,广东省,深圳市,深圳市南区街 315 号,400-880045,active,2016-01-01 00:00:00,,2016-01-01 00:00:00,2026-01-01 00:00:00
95,21,OT046,广州中心营业部,outlet,广东省,广州市,广州市中心街 322 号,400-880046,active,2016-01-01 00:00:00,,2016-01-01 00:00:00,2026-01-01 00:00:00
96,21,OT047,广州中心社区网点,outlet,广东省,广州市,广州市中心街 329 号,400-880047,active,2016-01-01 00:00:00,,2016-01-01 00:00:00,2026-01-01 00:00:00
97,21,OT048,广州中心企业服务中心,outlet,广东省,广州市,广州市中心街 336 号,400-880048,active,2016-01-01 00:00:00,,2016-01-01 00:00:00,2026-01-01 00:00:00
98,22,OT049,广州东区营业部,outlet,广东省,广州市,广州市东区街 343 号,400-880049,active,2016-01-01 00:00:00,,2016-01-01 00:00:00,2026-01-01 00:00:00
99,22,OT050,广州东区社区网点,outlet,广东省,广州市,广州市东区街 350 号,400-880050,active,2016-01-01 00:00:00,,2016-01-01 00:00:00,2026-01-01 00:00:00
100,22,OT051,广州东区企业服务中心,outlet,广东省,广州市,广州市东区街 357 号,400-880051,active,2016-01-01 00:00:00,,2016-01-01 00:00:00,2026-01-01 00:00:00
101,23,OT052,广州西区营业部,outlet,广东省,广州市,广州市西区街 364 号,400-880052,active,2016-01-01 00:00:00,,2016-01-01 00:00:00,2026-01-01 00:00:00
102,23,OT053,广州西区社区网点,outlet,广东省,广州市,广州市西区街 371 号,400-880053,active,2016-01-01 00:00:00,,2016-01-01 00:00:00,2026-01-01 00:00:00
103,23,OT054,广州西区企业服务中心,outlet,广东省,广州市,广州市西区街 378 号,400-880054,active,2016-01-01 00:00:00,,2016-01-01 00:00:00,2026-01-01 00:00:00
104,24,OT055,广州北区营业部,outlet,广东省,广州市,广州市北区街 385 号,400-880055,active,2016-01-01 00:00:00,,2016-01-01 00:00:00,2026-01-01 00:00:00
105,24,OT056,广州北区社区网点,outlet,广东省,广州市,广州市北区街 392 号,400-880056,active,2016-01-01 00:00:00,,2016-01-01 00:00:00,2026-01-01 00:00:00
106,24,OT057,广州北区企业服务中心,outlet,广东省,广州市,广州市北区街 399 号,400-880057,active,2016-01-01 00:00:00,,2016-01-01 00:00:00,2026-01-01 00:00:00
107,25,OT058,广州南区营业部,outlet,广东省,广州市,广州市南区街 406 号,400-880058,active,2016-01-01 00:00:00,,2016-01-01 00:00:00,2026-01-01 00:00:00
108,25,OT059,广州南区社区网点,outlet,广东省,广州市,广州市南区街 413 号,400-880059,active,2016-01-01 00:00:00,,2016-01-01 00:00:00,2026-01-01 00:00:00
109,25,OT060,广州南区企业服务中心,outlet,广东省,广州市,广州市南区街 420 号,400-880060,active,2016-01-01 00:00:00,,2016-01-01 00:00:00,2026-01-01 00:00:00
110,27,OT061,杭州中心营业部,outlet,浙江省,杭州市,杭州市中心街 427 号,400-880061,active,2016-01-01 00:00:00,,2016-01-01 00:00:00,2026-01-01 00:00:00
111,27,OT062,杭州中心社区网点,outlet,浙江省,杭州市,杭州市中心街 434 号,400-880062,active,2016-01-01 00:00:00,,2016-01-01 00:00:00,2026-01-01 00:00:00
112,27,OT063,杭州中心企业服务中心,outlet,浙江省,杭州市,杭州市中心街 441 号,400-880063,active,2016-01-01 00:00:00,,2016-01-01 00:00:00,2026-01-01 00:00:00
113,28,OT064,杭州东区营业部,outlet,浙江省,杭州市,杭州市东区街 448 号,400-880064,active,2016-01-01 00:00:00,,2016-01-01 00:00:00,2026-01-01 00:00:00
114,28,OT065,杭州东区社区网点,outlet,浙江省,杭州市,杭州市东区街 455 号,400-880065,active,2016-01-01 00:00:00,,2016-01-01 00:00:00,2026-01-01 00:00:00
115,28,OT066,杭州东区企业服务中心,outlet,浙江省,杭州市,杭州市东区街 462 号,400-880066,active,2016-01-01 00:00:00,,2016-01-01 00:00:00,2026-01-01 00:00:00
116,29,OT067,杭州西区营业部,outlet,浙江省,杭州市,杭州市西区街 469 号,400-880067,active,2016-01-01 00:00:00,,2016-01-01 00:00:00,2026-01-01 00:00:00
117,29,OT068,杭州西区社区网点,outlet,浙江省,杭州市,杭州市西区街 476 号,400-880068,active,2016-01-01 00:00:00,,2016-01-01 00:00:00,2026-01-01 00:00:00
118,29,OT069,杭州西区企业服务中心,outlet,浙江省,杭州市,杭州市西区街 483 号,400-880069,active,2016-01-01 00:00:00,,2016-01-01 00:00:00,2026-01-01 00:00:00
119,30,OT070,杭州北区营业部,outlet,浙江省,杭州市,杭州市北区街 490 号,400-880070,active,2016-01-01 00:00:00,,2016-01-01 00:00:00,2026-01-01 00:00:00
120,30,OT071,杭州北区社区网点,outlet,浙江省,杭州市,杭州市北区街 497 号,400-880071,active,2016-01-01 00:00:00,,2016-01-01 00:00:00,2026-01-01 00:00:00
121,30,OT072,杭州北区企业服务中心,outlet,浙江省,杭州市,杭州市北区街 504 号,400-880072,active,2016-01-01 00:00:00,,2016-01-01 00:00:00,2026-01-01 00:00:00
122,31,OT073,杭州南区营业部,outlet,浙江省,杭州市,杭州市南区街 511 号,400-880073,active,2016-01-01 00:00:00,,2016-01-01 00:00:00,2026-01-01 00:00:00
123,31,OT074,杭州南区社区网点,outlet,浙江省,杭州市,杭州市南区街 518 号,400-880074,active,2016-01-01 00:00:00,,2016-01-01 00:00:00,2026-01-01 00:00:00
124,31,OT075,杭州南区企业服务中心,outlet,浙江省,杭州市,杭州市南区街 525 号,400-880075,active,2016-01-01 00:00:00,,2016-01-01 00:00:00,2026-01-01 00:00:00
125,33,OT076,南京中心营业部,outlet,江苏省,南京市,南京市中心街 532 号,400-880076,active,2016-01-01 00:00:00,,2016-01-01 00:00:00,2026-01-01 00:00:00
126,33,OT077,南京中心社区网点,outlet,江苏省,南京市,南京市中心街 539 号,400-880077,active,2016-01-01 00:00:00,,2016-01-01 00:00:00,2026-01-01 00:00:00
127,33,OT078,南京中心企业服务中心,outlet,江苏省,南京市,南京市中心街 546 号,400-880078,active,2016-01-01 00:00:00,,2016-01-01 00:00:00,2026-01-01 00:00:00
128,34,OT079,南京东区营业部,outlet,江苏省,南京市,南京市东区街 553 号,400-880079,active,2016-01-01 00:00:00,,2016-01-01 00:00:00,2026-01-01 00:00:00
129,34,OT080,南京东区社区网点,outlet,江苏省,南京市,南京市东区街 560 号,400-880080,active,2016-01-01 00:00:00,,2016-01-01 00:00:00,2026-01-01 00:00:00
130,34,OT081,南京东区企业服务中心,outlet,江苏省,南京市,南京市东区街 567 号,400-880081,active,2016-01-01 00:00:00,,2016-01-01 00:00:00,2026-01-01 00:00:00
131,35,OT082,南京西区营业部,outlet,江苏省,南京市,南京市西区街 574 号,400-880082,active,2016-01-01 00:00:00,,2016-01-01 00:00:00,2026-01-01 00:00:00
132,35,OT083,南京西区社区网点,outlet,江苏省,南京市,南京市西区街 581 号,400-880083,active,2016-01-01 00:00:00,,2016-01-01 00:00:00,2026-01-01 00:00:00
133,35,OT084,南京西区企业服务中心,outlet,江苏省,南京市,南京市西区街 588 号,400-880084,active,2016-01-01 00:00:00,,2016-01-01 00:00:00,2026-01-01 00:00:00
134,36,OT085,南京北区营业部,outlet,江苏省,南京市,南京市北区街 595 号,400-880085,active,2016-01-01 00:00:00,,2016-01-01 00:00:00,2026-01-01 00:00:00
135,36,OT086,南京北区社区网点,outlet,江苏省,南京市,南京市北区街 602 号,400-880086,active,2016-01-01 00:00:00,,2016-01-01 00:00:00,2026-01-01 00:00:00
136,36,OT087,南京北区企业服务中心,outlet,江苏省,南京市,南京市北区街 609 号,400-880087,active,2016-01-01 00:00:00,,2016-01-01 00:00:00,2026-01-01 00:00:00
137,37,OT088,南京南区营业部,outlet,江苏省,南京市,南京市南区街 616 号,400-880088,active,2016-01-01 00:00:00,,2016-01-01 00:00:00,2026-01-01 00:00:00
138,37,OT089,南京南区社区网点,outlet,江苏省,南京市,南京市南区街 623 号,400-880089,active,2016-01-01 00:00:00,,2016-01-01 00:00:00,2026-01-01 00:00:00
139,37,OT090,南京南区企业服务中心,outlet,江苏省,南京市,南京市南区街 630 号,400-880090,active,2016-01-01 00:00:00,,2016-01-01 00:00:00,2026-01-01 00:00:00
140,39,OT091,成都中心营业部,outlet,四川省,成都市,成都市中心街 637 号,400-880091,active,2016-01-01 00:00:00,,2016-01-01 00:00:00,2026-01-01 00:00:00
141,39,OT092,成都中心社区网点,outlet,四川省,成都市,成都市中心街 644 号,400-880092,active,2016-01-01 00:00:00,,2016-01-01 00:00:00,2026-01-01 00:00:00
142,39,OT093,成都中心企业服务中心,outlet,四川省,成都市,成都市中心街 651 号,400-880093,active,2016-01-01 00:00:00,,2016-01-01 00:00:00,2026-01-01 00:00:00
143,40,OT094,成都东区营业部,outlet,四川省,成都市,成都市东区街 658 号,400-880094,active,2016-01-01 00:00:00,,2016-01-01 00:00:00,2026-01-01 00:00:00
144,40,OT095,成都东区社区网点,outlet,四川省,成都市,成都市东区街 665 号,400-880095,active,2016-01-01 00:00:00,,2016-01-01 00:00:00,2026-01-01 00:00:00
145,40,OT096,成都东区企业服务中心,outlet,四川省,成都市,成都市东区街 672 号,400-880096,active,2016-01-01 00:00:00,,2016-01-01 00:00:00,2026-01-01 00:00:00
146,41,OT097,成都西区营业部,outlet,四川省,成都市,成都市西区街 679 号,400-880097,active,2016-01-01 00:00:00,,2016-01-01 00:00:00,2026-01-01 00:00:00
147,41,OT098,成都西区社区网点,outlet,四川省,成都市,成都市西区街 686 号,400-880098,active,2016-01-01 00:00:00,,2016-01-01 00:00:00,2026-01-01 00:00:00
148,41,OT099,成都西区企业服务中心,outlet,四川省,成都市,成都市西区街 693 号,400-880099,active,2016-01-01 00:00:00,,2016-01-01 00:00:00,2026-01-01 00:00:00
149,42,OT100,成都北区营业部,outlet,四川省,成都市,成都市北区街 700 号,400-880100,active,2016-01-01 00:00:00,,2016-01-01 00:00:00,2026-01-01 00:00:00
150,42,OT101,成都北区社区网点,outlet,四川省,成都市,成都市北区街 707 号,400-880101,active,2016-01-01 00:00:00,,2016-01-01 00:00:00,2026-01-01 00:00:00
151,42,OT102,成都北区企业服务中心,outlet,四川省,成都市,成都市北区街 714 号,400-880102,active,2016-01-01 00:00:00,,2016-01-01 00:00:00,2026-01-01 00:00:00
152,43,OT103,成都南区营业部,outlet,四川省,成都市,成都市南区街 721 号,400-880103,active,2016-01-01 00:00:00,,2016-01-01 00:00:00,2026-01-01 00:00:00
153,43,OT104,成都南区社区网点,outlet,四川省,成都市,成都市南区街 728 号,400-880104,active,2016-01-01 00:00:00,,2016-01-01 00:00:00,2026-01-01 00:00:00
154,43,OT105,成都南区企业服务中心,outlet,四川省,成都市,成都市南区街 735 号,400-880105,active,2016-01-01 00:00:00,,2016-01-01 00:00:00,2026-01-01 00:00:00
155,45,OT106,武汉中心营业部,outlet,湖北省,武汉市,武汉市中心街 742 号,400-880106,active,2016-01-01 00:00:00,,2016-01-01 00:00:00,2026-01-01 00:00:00
156,45,OT107,武汉中心社区网点,outlet,湖北省,武汉市,武汉市中心街 749 号,400-880107,active,2016-01-01 00:00:00,,2016-01-01 00:00:00,2026-01-01 00:00:00
157,45,OT108,武汉中心企业服务中心,outlet,湖北省,武汉市,武汉市中心街 756 号,400-880108,active,2016-01-01 00:00:00,,2016-01-01 00:00:00,2026-01-01 00:00:00
158,46,OT109,武汉东区营业部,outlet,湖北省,武汉市,武汉市东区街 763 号,400-880109,active,2016-01-01 00:00:00,,2016-01-01 00:00:00,2026-01-01 00:00:00
159,46,OT110,武汉东区社区网点,outlet,湖北省,武汉市,武汉市东区街 770 号,400-880110,active,2016-01-01 00:00:00,,2016-01-01 00:00:00,2026-01-01 00:00:00
160,46,OT111,武汉东区企业服务中心,outlet,湖北省,武汉市,武汉市东区街 777 号,400-880111,active,2016-01-01 00:00:00,,2016-01-01 00:00:00,2026-01-01 00:00:00
161,47,OT112,武汉西区营业部,outlet,湖北省,武汉市,武汉市西区街 784 号,400-880112,active,2016-01-01 00:00:00,,2016-01-01 00:00:00,2026-01-01 00:00:00
162,47,OT113,武汉西区社区网点,outlet,湖北省,武汉市,武汉市西区街 791 号,400-880113,active,2016-01-01 00:00:00,,2016-01-01 00:00:00,2026-01-01 00:00:00
163,47,OT114,武汉西区企业服务中心,outlet,湖北省,武汉市,武汉市西区街 798 号,400-880114,active,2016-01-01 00:00:00,,2016-01-01 00:00:00,2026-01-01 00:00:00
164,48,OT115,武汉北区营业部,outlet,湖北省,武汉市,武汉市北区街 805 号,400-880115,active,2016-01-01 00:00:00,,2016-01-01 00:00:00,2026-01-01 00:00:00
165,48,OT116,武汉北区社区网点,outlet,湖北省,武汉市,武汉市北区街 812 号,400-880116,active,2016-01-01 00:00:00,,2016-01-01 00:00:00,2026-01-01 00:00:00
166,48,OT117,武汉北区企业服务中心,outlet,湖北省,武汉市,武汉市北区街 819 号,400-880117,active,2016-01-01 00:00:00,,2016-01-01 00:00:00,2026-01-01 00:00:00
167,49,OT118,武汉南区营业部,outlet,湖北省,武汉市,武汉市南区街 826 号,400-880118,active,2016-01-01 00:00:00,,2016-01-01 00:00:00,2026-01-01 00:00:00
168,49,OT119,武汉南区社区网点,outlet,湖北省,武汉市,武汉市南区街 833 号,400-880119,active,2016-01-01 00:00:00,,2016-01-01 00:00:00,2026-01-01 00:00:00
169,49,OT120,武汉南区企业服务中心,outlet,湖北省,武汉市,武汉市南区街 840 号,400-880120,active,2016-01-01 00:00:00,,2016-01-01 00:00:00,2026-01-01 00:00:00
